case,event,time
10,A,1970/1/1 18:09
10,B,1970/1/1 18:15
10,G,1970/1/1 18:42
10,D,1970/1/1 18:48
10,H,1970/1/1 18:54
10,G,1970/1/1 19:03
10,D,1970/1/1 19:09
10,F,1970/1/1 19:14
1000,A,1970/1/22 13:23
1000,B,1970/1/22 13:28
1000,G,1970/1/22 13:49
1000,D,1970/1/22 13:58
1000,F,1970/1/22 14:08
106,A,1970/1/4 4:58
106,B,1970/1/4 5:05
106,G,1970/1/4 5:23
106,D,1970/1/4 5:33
106,F,1970/1/4 5:38
107,A,1970/1/3 19:58
107,B,1970/1/3 20:05
107,G,1970/1/3 20:28
107,D,1970/1/3 20:34
107,F,1970/1/3 20:43
114,A,1970/1/3 17:59
114,B,1970/1/3 18:07
114,G,1970/1/3 18:33
114,D,1970/1/3 18:40
114,F,1970/1/3 18:50
115,A,1970/1/4 17:30
115,B,1970/1/4 17:35
115,G,1970/1/4 17:56
115,D,1970/1/4 18:04
115,F,1970/1/4 18:09
116,A,1970/1/4 18:34
116,B,1970/1/4 18:41
116,G,1970/1/4 19:07
116,D,1970/1/4 19:13
116,F,1970/1/4 19:19
118,A,1970/1/4 5:30
118,B,1970/1/4 5:35
118,G,1970/1/4 5:57
118,D,1970/1/4 6:02
118,H,1970/1/4 6:09
118,G,1970/1/4 6:27
118,D,1970/1/4 6:33
118,F,1970/1/4 6:40
12,A,1970/1/1 21:12
12,B,1970/1/1 21:22
12,G,1970/1/1 21:44
12,D,1970/1/1 21:54
12,H,1970/1/1 22:02
12,G,1970/1/1 22:19
12,D,1970/1/1 22:26
12,F,1970/1/1 22:36
122,A,1970/1/4 18:27
122,B,1970/1/4 18:34
122,G,1970/1/4 18:55
122,D,1970/1/4 19:04
122,H,1970/1/4 19:13
122,G,1970/1/4 19:19
122,D,1970/1/4 19:29
122,H,1970/1/4 19:37
122,G,1970/1/4 19:57
122,D,1970/1/4 20:05
122,F,1970/1/4 20:14
124,A,1970/1/5 5:26
124,B,1970/1/5 5:32
124,G,1970/1/5 6:11
124,D,1970/1/5 6:20
124,F,1970/1/5 6:26
126,A,1970/1/5 8:47
126,B,1970/1/5 8:55
126,G,1970/1/5 9:18
126,D,1970/1/5 9:27
126,H,1970/1/5 9:34
126,G,1970/1/5 9:39
126,D,1970/1/5 9:44
126,H,1970/1/5 9:51
126,G,1970/1/5 10:08
126,D,1970/1/5 10:16
126,F,1970/1/5 10:24
127,A,1970/1/5 3:34
127,B,1970/1/5 3:41
127,G,1970/1/5 4:12
127,D,1970/1/5 4:20
127,F,1970/1/5 4:25
128,A,1970/1/5 5:17
128,B,1970/1/5 5:25
128,G,1970/1/5 5:51
128,D,1970/1/5 5:59
128,F,1970/1/5 6:08
130,A,1970/1/4 19:30
130,B,1970/1/4 19:39
130,G,1970/1/4 20:15
130,D,1970/1/4 20:25
130,H,1970/1/4 20:31
130,G,1970/1/4 20:42
130,D,1970/1/4 20:52
130,F,1970/1/4 21:02
133,A,1970/1/4 6:42
133,B,1970/1/4 6:52
133,G,1970/1/4 7:23
133,D,1970/1/4 7:30
133,H,1970/1/4 7:37
133,G,1970/1/4 7:47
133,D,1970/1/4 7:57
133,F,1970/1/4 8:06
134,A,1970/1/4 20:49
134,B,1970/1/4 20:57
134,G,1970/1/4 21:32
134,D,1970/1/4 21:37
134,H,1970/1/4 21:45
134,G,1970/1/4 21:55
134,D,1970/1/4 22:01
134,F,1970/1/4 22:08
135,A,1970/1/5 12:09
135,B,1970/1/5 12:19
135,G,1970/1/5 12:51
135,D,1970/1/5 12:56
135,F,1970/1/5 13:04
137,A,1970/1/4 15:41
137,B,1970/1/4 15:51
137,G,1970/1/4 16:27
137,D,1970/1/4 16:37
137,H,1970/1/4 16:47
137,G,1970/1/4 16:54
137,D,1970/1/4 17:01
137,H,1970/1/4 17:11
137,G,1970/1/4 17:17
137,D,1970/1/4 17:24
137,F,1970/1/4 17:32
139,A,1970/1/4 5:53
139,B,1970/1/4 6:01
139,G,1970/1/4 6:20
139,D,1970/1/4 6:30
139,H,1970/1/4 6:36
139,G,1970/1/4 6:42
139,D,1970/1/4 6:52
139,H,1970/1/4 7:00
139,G,1970/1/4 7:18
139,D,1970/1/4 7:25
139,F,1970/1/4 7:32
146,A,1970/1/5 0:20
146,B,1970/1/5 0:29
146,G,1970/1/5 0:51
146,D,1970/1/5 0:59
146,F,1970/1/5 1:14
149,A,1970/1/4 19:46
149,B,1970/1/4 19:53
149,G,1970/1/4 20:25
149,D,1970/1/4 20:32
149,H,1970/1/4 20:39
149,G,1970/1/4 20:51
149,D,1970/1/4 21:01
149,F,1970/1/4 21:11
151,A,1970/1/5 1:24
151,B,1970/1/5 1:31
151,G,1970/1/5 2:03
151,D,1970/1/5 2:12
151,H,1970/1/5 2:21
151,G,1970/1/5 2:41
151,D,1970/1/5 2:49
151,F,1970/1/5 2:58
153,A,1970/1/5 4:45
153,B,1970/1/5 4:51
153,G,1970/1/5 5:12
153,D,1970/1/5 5:19
153,H,1970/1/5 5:28
153,G,1970/1/5 5:42
153,D,1970/1/5 5:48
153,F,1970/1/5 5:55
158,A,1970/1/4 19:26
158,B,1970/1/4 19:34
158,G,1970/1/4 19:48
158,D,1970/1/4 19:54
158,H,1970/1/4 19:59
158,G,1970/1/4 20:06
158,D,1970/1/4 20:13
158,H,1970/1/4 20:21
158,G,1970/1/4 20:29
158,D,1970/1/4 20:39
158,F,1970/1/4 20:47
163,A,1970/1/6 2:23
163,B,1970/1/6 2:33
163,G,1970/1/6 2:49
163,D,1970/1/6 2:58
163,H,1970/1/6 3:04
163,G,1970/1/6 3:18
163,D,1970/1/6 3:25
163,H,1970/1/6 3:35
163,G,1970/1/6 3:51
163,D,1970/1/6 3:56
163,F,1970/1/6 4:05
167,A,1970/1/5 13:44
167,B,1970/1/5 13:50
167,G,1970/1/5 14:30
167,D,1970/1/5 14:40
167,H,1970/1/5 14:50
167,G,1970/1/5 15:04
167,D,1970/1/5 15:09
167,F,1970/1/5 15:14
168,A,1970/1/5 0:11
168,B,1970/1/5 0:18
168,G,1970/1/5 0:37
168,D,1970/1/5 0:43
168,F,1970/1/5 0:53
169,A,1970/1/5 22:10
169,B,1970/1/5 22:20
169,G,1970/1/5 23:02
169,D,1970/1/5 23:08
169,F,1970/1/5 23:13
171,A,1970/1/5 12:21
171,B,1970/1/5 12:27
171,G,1970/1/5 12:54
171,D,1970/1/5 13:04
171,H,1970/1/5 13:11
171,G,1970/1/5 13:16
171,D,1970/1/5 13:21
171,H,1970/1/5 13:31
171,G,1970/1/5 13:43
171,D,1970/1/5 13:49
171,F,1970/1/5 13:58
174,A,1970/1/5 0:17
174,B,1970/1/5 0:22
174,G,1970/1/5 0:55
174,D,1970/1/5 1:03
174,H,1970/1/5 1:11
174,G,1970/1/5 1:21
174,D,1970/1/5 1:31
174,F,1970/1/5 1:41
175,A,1970/1/6 13:03
175,B,1970/1/6 13:10
175,G,1970/1/6 13:40
175,D,1970/1/6 13:49
175,H,1970/1/6 13:59
175,G,1970/1/6 14:12
175,D,1970/1/6 14:21
175,F,1970/1/6 14:31
178,A,1970/1/5 2:44
178,B,1970/1/5 2:54
178,G,1970/1/5 3:30
178,D,1970/1/5 3:35
178,H,1970/1/5 3:44
178,G,1970/1/5 3:50
178,D,1970/1/5 3:55
178,H,1970/1/5 4:00
178,G,1970/1/5 4:07
178,D,1970/1/5 4:13
178,F,1970/1/5 4:20
186,A,1970/1/6 2:21
186,B,1970/1/6 2:30
186,G,1970/1/6 2:37
186,D,1970/1/6 2:43
186,H,1970/1/6 2:51
186,G,1970/1/6 2:58
186,D,1970/1/6 3:07
186,H,1970/1/6 3:13
186,G,1970/1/6 3:23
186,D,1970/1/6 3:28
186,F,1970/1/6 3:37
191,A,1970/1/6 12:01
191,B,1970/1/6 12:11
191,G,1970/1/6 12:36
191,D,1970/1/6 12:44
191,F,1970/1/6 12:50
193,A,1970/1/6 0:29
193,B,1970/1/6 0:36
193,G,1970/1/6 1:16
193,D,1970/1/6 1:26
193,F,1970/1/6 1:31
194,A,1970/1/6 4:39
194,B,1970/1/6 4:44
194,G,1970/1/6 4:54
194,D,1970/1/6 5:04
194,H,1970/1/6 5:10
194,G,1970/1/6 5:28
194,D,1970/1/6 5:38
194,F,1970/1/6 5:43
195,A,1970/1/6 1:21
195,B,1970/1/6 1:29
195,G,1970/1/6 1:57
195,D,1970/1/6 2:02
195,H,1970/1/6 2:12
195,G,1970/1/6 2:31
195,D,1970/1/6 2:41
195,F,1970/1/6 2:51
198,A,1970/1/6 6:56
198,B,1970/1/6 7:04
198,G,1970/1/6 7:18
198,D,1970/1/6 7:27
198,H,1970/1/6 7:35
198,G,1970/1/6 7:41
198,D,1970/1/6 7:49
198,F,1970/1/6 7:57
199,A,1970/1/6 6:59
199,B,1970/1/6 7:05
199,G,1970/1/6 7:29
199,D,1970/1/6 7:39
199,F,1970/1/6 7:47
200,A,1970/1/5 19:43
200,B,1970/1/5 19:49
200,G,1970/1/5 20:16
200,D,1970/1/5 20:21
200,F,1970/1/5 20:31
201,A,1970/1/5 18:15
201,B,1970/1/5 18:23
201,G,1970/1/5 18:40
201,D,1970/1/5 18:47
201,F,1970/1/5 19:04
206,A,1970/1/6 10:50
206,B,1970/1/6 10:55
206,G,1970/1/6 11:03
206,D,1970/1/6 11:10
206,H,1970/1/6 11:18
206,G,1970/1/6 11:23
206,D,1970/1/6 11:28
206,H,1970/1/6 11:37
206,G,1970/1/6 11:47
206,D,1970/1/6 11:53
206,F,1970/1/6 11:59
21,A,1970/1/2 7:55
21,B,1970/1/2 8:05
21,G,1970/1/2 8:26
21,D,1970/1/2 8:34
21,H,1970/1/2 8:44
21,G,1970/1/2 8:58
21,D,1970/1/2 9:08
21,F,1970/1/2 9:16
210,A,1970/1/5 19:43
210,B,1970/1/5 19:52
210,G,1970/1/5 20:20
210,D,1970/1/5 20:29
210,F,1970/1/5 20:37
213,A,1970/1/5 23:02
213,B,1970/1/5 23:10
213,G,1970/1/5 23:40
213,D,1970/1/5 23:50
213,H,1970/1/5 23:55
213,G,1970/1/6 0:03
213,D,1970/1/6 0:12
213,F,1970/1/6 0:21
214,A,1970/1/7 6:12
214,B,1970/1/7 6:17
214,G,1970/1/7 6:40
214,D,1970/1/7 6:46
214,F,1970/1/7 7:06
215,A,1970/1/5 21:09
215,B,1970/1/5 21:19
215,G,1970/1/5 21:53
215,D,1970/1/5 22:02
215,F,1970/1/5 22:09
216,A,1970/1/6 4:18
216,B,1970/1/6 4:24
216,G,1970/1/6 4:53
216,D,1970/1/6 4:58
216,F,1970/1/6 5:06
217,A,1970/1/6 22:28
217,B,1970/1/6 22:34
217,G,1970/1/6 22:43
217,D,1970/1/6 22:53
217,H,1970/1/6 23:03
217,G,1970/1/6 23:09
217,D,1970/1/6 23:16
217,H,1970/1/6 23:22
217,G,1970/1/6 23:33
217,D,1970/1/6 23:38
217,F,1970/1/6 23:46
224,A,1970/1/7 10:35
224,B,1970/1/7 10:45
224,G,1970/1/7 10:55
224,D,1970/1/7 11:00
224,H,1970/1/7 11:06
224,G,1970/1/7 11:26
224,D,1970/1/7 11:34
224,F,1970/1/7 11:44
226,A,1970/1/7 10:11
226,B,1970/1/7 10:18
226,G,1970/1/7 10:54
226,D,1970/1/7 10:59
226,F,1970/1/7 11:07
238,A,1970/1/7 6:52
238,B,1970/1/7 6:59
238,G,1970/1/7 7:12
238,D,1970/1/7 7:21
238,H,1970/1/7 7:28
238,G,1970/1/7 7:42
238,D,1970/1/7 7:50
238,F,1970/1/7 7:59
239,A,1970/1/7 14:44
239,B,1970/1/7 14:50
239,G,1970/1/7 15:04
239,D,1970/1/7 15:10
239,H,1970/1/7 15:15
239,G,1970/1/7 15:30
239,D,1970/1/7 15:38
239,F,1970/1/7 15:46
241,A,1970/1/7 17:14
241,B,1970/1/7 17:19
241,G,1970/1/7 17:36
241,D,1970/1/7 17:41
241,H,1970/1/7 17:47
241,G,1970/1/7 17:53
241,D,1970/1/7 18:03
241,H,1970/1/7 18:12
241,G,1970/1/7 18:17
241,D,1970/1/7 18:23
241,F,1970/1/7 18:28
243,A,1970/1/6 22:33
243,B,1970/1/6 22:40
243,G,1970/1/6 23:01
243,D,1970/1/6 23:07
243,F,1970/1/6 23:12
246,A,1970/1/7 12:43
246,B,1970/1/7 12:53
246,G,1970/1/7 13:03
246,D,1970/1/7 13:13
246,H,1970/1/7 13:19
246,G,1970/1/7 13:24
246,D,1970/1/7 13:33
246,H,1970/1/7 13:40
246,G,1970/1/7 13:51
246,D,1970/1/7 14:01
246,F,1970/1/7 14:08
248,A,1970/1/6 12:25
248,B,1970/1/6 12:30
248,G,1970/1/6 12:44
248,D,1970/1/6 12:53
248,F,1970/1/6 13:08
251,A,1970/1/7 13:05
251,B,1970/1/7 13:15
251,G,1970/1/7 13:44
251,D,1970/1/7 13:50
251,H,1970/1/7 14:00
251,G,1970/1/7 14:11
251,D,1970/1/7 14:19
251,F,1970/1/7 14:29
253,A,1970/1/6 21:21
253,B,1970/1/6 21:27
253,G,1970/1/6 21:39
253,D,1970/1/6 21:48
253,H,1970/1/6 21:55
253,G,1970/1/6 22:00
253,D,1970/1/6 22:10
253,F,1970/1/6 22:15
256,A,1970/1/6 16:55
256,B,1970/1/6 17:00
256,G,1970/1/6 17:37
256,D,1970/1/6 17:42
256,F,1970/1/6 17:49
259,A,1970/1/7 1:33
259,B,1970/1/7 1:39
259,G,1970/1/7 2:23
259,D,1970/1/7 2:28
259,F,1970/1/7 2:35
261,A,1970/1/7 18:31
261,B,1970/1/7 18:39
261,G,1970/1/7 18:54
261,D,1970/1/7 19:01
261,F,1970/1/7 19:11
263,A,1970/1/8 3:02
263,B,1970/1/8 3:12
263,G,1970/1/8 3:40
263,D,1970/1/8 3:45
263,H,1970/1/8 3:53
263,G,1970/1/8 3:58
263,D,1970/1/8 4:04
263,H,1970/1/8 4:09
263,G,1970/1/8 4:21
263,D,1970/1/8 4:26
263,F,1970/1/8 4:33
265,A,1970/1/8 0:14
265,B,1970/1/8 0:20
265,G,1970/1/8 0:29
265,D,1970/1/8 0:35
265,H,1970/1/8 0:42
265,G,1970/1/8 0:57
265,D,1970/1/8 1:05
265,H,1970/1/8 1:12
265,G,1970/1/8 1:17
265,D,1970/1/8 1:23
265,F,1970/1/8 1:29
266,A,1970/1/7 23:17
266,B,1970/1/7 23:27
266,G,1970/1/7 23:59
266,D,1970/1/8 0:09
266,F,1970/1/8 0:18
27,A,1970/1/3 5:56
27,B,1970/1/3 6:02
27,G,1970/1/3 6:30
27,D,1970/1/3 6:36
27,F,1970/1/3 6:42
270,A,1970/1/7 23:35
270,B,1970/1/7 23:42
270,G,1970/1/7 23:59
270,D,1970/1/8 0:07
270,H,1970/1/8 0:17
270,G,1970/1/8 0:27
270,D,1970/1/8 0:35
270,F,1970/1/8 0:40
271,A,1970/1/7 9:34
271,B,1970/1/7 9:42
271,G,1970/1/7 9:52
271,D,1970/1/7 9:57
271,H,1970/1/7 10:07
271,G,1970/1/7 10:17
271,D,1970/1/7 10:22
271,F,1970/1/7 10:32
274,A,1970/1/8 6:46
274,B,1970/1/8 6:56
274,G,1970/1/8 7:28
274,D,1970/1/8 7:34
274,F,1970/1/8 7:44
278,A,1970/1/7 18:10
278,B,1970/1/7 18:16
278,G,1970/1/7 18:44
278,D,1970/1/7 18:54
278,F,1970/1/7 18:59
279,A,1970/1/7 19:52
279,B,1970/1/7 19:59
279,G,1970/1/7 20:32
279,D,1970/1/7 20:37
279,F,1970/1/7 20:47
280,A,1970/1/7 14:28
280,B,1970/1/7 14:33
280,G,1970/1/7 14:40
280,D,1970/1/7 14:46
280,H,1970/1/7 14:54
280,G,1970/1/7 15:05
280,D,1970/1/7 15:12
280,F,1970/1/7 15:19
288,A,1970/1/7 19:02
288,B,1970/1/7 19:11
288,G,1970/1/7 19:40
288,D,1970/1/7 19:48
288,F,1970/1/7 19:53
289,A,1970/1/8 23:53
289,B,1970/1/9 0:00
289,G,1970/1/9 0:36
289,D,1970/1/9 0:41
289,H,1970/1/9 0:51
289,G,1970/1/9 1:01
289,D,1970/1/9 1:08
289,H,1970/1/9 1:14
289,G,1970/1/9 1:24
289,D,1970/1/9 1:30
289,F,1970/1/9 1:38
290,A,1970/1/8 1:11
290,B,1970/1/8 1:17
290,G,1970/1/8 1:53
290,D,1970/1/8 1:59
290,H,1970/1/8 2:07
290,G,1970/1/8 2:22
290,D,1970/1/8 2:28
290,F,1970/1/8 2:37
295,A,1970/1/7 21:29
295,B,1970/1/7 21:38
295,G,1970/1/7 22:11
295,D,1970/1/7 22:18
295,H,1970/1/7 22:25
295,G,1970/1/7 22:35
295,D,1970/1/7 22:43
295,F,1970/1/7 22:52
299,A,1970/1/8 3:19
299,B,1970/1/8 3:28
299,G,1970/1/8 4:07
299,D,1970/1/8 4:17
299,F,1970/1/8 4:26
3,A,1970/1/1 20:09
3,B,1970/1/1 20:19
3,G,1970/1/1 20:46
3,D,1970/1/1 20:52
3,F,1970/1/1 20:57
301,A,1970/1/8 2:13
301,B,1970/1/8 2:22
301,G,1970/1/8 2:37
301,D,1970/1/8 2:42
301,H,1970/1/8 2:48
301,G,1970/1/8 2:53
301,D,1970/1/8 3:01
301,H,1970/1/8 3:11
301,G,1970/1/8 3:25
301,D,1970/1/8 3:34
301,F,1970/1/8 3:44
304,A,1970/1/8 20:03
304,B,1970/1/8 20:13
304,G,1970/1/8 20:34
304,D,1970/1/8 20:44
304,F,1970/1/8 20:55
306,A,1970/1/8 16:17
306,B,1970/1/8 16:24
306,G,1970/1/8 17:09
306,D,1970/1/8 17:19
306,F,1970/1/8 17:27
308,A,1970/1/8 4:39
308,B,1970/1/8 4:46
308,G,1970/1/8 5:14
308,D,1970/1/8 5:22
308,F,1970/1/8 5:29
31,A,1970/1/2 18:07
31,B,1970/1/2 18:15
31,G,1970/1/2 18:53
31,D,1970/1/2 19:00
31,F,1970/1/2 19:08
310,A,1970/1/8 1:48
310,B,1970/1/8 1:56
310,G,1970/1/8 2:13
310,D,1970/1/8 2:22
310,F,1970/1/8 2:28
319,A,1970/1/9 4:07
319,B,1970/1/9 4:14
319,G,1970/1/9 4:40
319,D,1970/1/9 4:45
319,H,1970/1/9 4:55
319,G,1970/1/9 5:10
319,D,1970/1/9 5:15
319,H,1970/1/9 5:23
319,G,1970/1/9 5:30
319,D,1970/1/9 5:37
319,F,1970/1/9 5:44
325,A,1970/1/8 19:38
325,B,1970/1/8 19:48
325,G,1970/1/8 20:29
325,D,1970/1/8 20:36
325,F,1970/1/8 20:42
332,A,1970/1/8 17:56
332,B,1970/1/8 18:05
332,G,1970/1/8 18:33
332,D,1970/1/8 18:41
332,H,1970/1/8 18:51
332,G,1970/1/8 18:58
332,D,1970/1/8 19:05
332,H,1970/1/8 19:12
332,G,1970/1/8 19:28
332,D,1970/1/8 19:35
332,F,1970/1/8 19:43
333,A,1970/1/9 1:46
333,B,1970/1/9 1:55
333,G,1970/1/9 2:27
333,D,1970/1/9 2:32
333,H,1970/1/9 2:42
333,G,1970/1/9 2:58
333,D,1970/1/9 3:07
333,F,1970/1/9 3:15
338,A,1970/1/9 11:03
338,B,1970/1/9 11:12
338,G,1970/1/9 11:52
338,D,1970/1/9 11:57
338,F,1970/1/9 12:03
339,A,1970/1/9 10:56
339,B,1970/1/9 11:03
339,G,1970/1/9 11:23
339,D,1970/1/9 11:33
339,H,1970/1/9 11:42
339,G,1970/1/9 11:48
339,D,1970/1/9 11:55
339,H,1970/1/9 12:05
339,G,1970/1/9 12:18
339,D,1970/1/9 12:24
339,F,1970/1/9 12:29
34,A,1970/1/2 22:10
34,B,1970/1/2 22:15
34,G,1970/1/2 22:26
34,D,1970/1/2 22:31
34,H,1970/1/2 22:37
34,G,1970/1/2 22:54
34,D,1970/1/2 23:02
34,F,1970/1/2 23:08
342,A,1970/1/9 4:27
342,B,1970/1/9 4:33
342,G,1970/1/9 5:00
342,D,1970/1/9 5:09
342,F,1970/1/9 5:14
344,A,1970/1/8 20:04
344,B,1970/1/8 20:09
344,G,1970/1/8 20:27
344,D,1970/1/8 20:36
344,H,1970/1/8 20:41
344,G,1970/1/8 20:52
344,D,1970/1/8 21:02
344,F,1970/1/8 21:09
347,A,1970/1/8 21:29
347,B,1970/1/8 21:35
347,G,1970/1/8 21:56
347,D,1970/1/8 22:04
347,H,1970/1/8 22:13
347,G,1970/1/8 22:22
347,D,1970/1/8 22:29
347,F,1970/1/8 22:35
351,A,1970/1/9 23:32
351,B,1970/1/9 23:39
351,G,1970/1/9 23:51
351,D,1970/1/9 23:58
351,F,1970/1/10 0:19
355,A,1970/1/9 7:16
355,B,1970/1/9 7:24
355,G,1970/1/9 7:53
355,D,1970/1/9 8:01
355,H,1970/1/9 8:11
355,G,1970/1/9 8:17
355,D,1970/1/9 8:26
355,H,1970/1/9 8:32
355,G,1970/1/9 8:44
355,D,1970/1/9 8:54
355,F,1970/1/9 9:00
356,A,1970/1/9 22:18
356,B,1970/1/9 22:23
356,G,1970/1/9 22:57
356,D,1970/1/9 23:06
356,H,1970/1/9 23:12
356,G,1970/1/9 23:18
356,D,1970/1/9 23:27
356,H,1970/1/9 23:33
356,G,1970/1/9 23:39
356,D,1970/1/9 23:44
356,F,1970/1/9 23:52
357,A,1970/1/9 18:00
357,B,1970/1/9 18:09
357,G,1970/1/9 18:31
357,D,1970/1/9 18:41
357,H,1970/1/9 18:49
357,G,1970/1/9 18:56
357,D,1970/1/9 19:03
357,H,1970/1/9 19:08
357,G,1970/1/9 19:15
357,D,1970/1/9 19:25
357,F,1970/1/9 19:30
358,A,1970/1/8 18:25
358,B,1970/1/8 18:30
358,G,1970/1/8 18:58
358,D,1970/1/8 19:06
358,F,1970/1/8 19:13
359,A,1970/1/10 0:45
359,B,1970/1/10 0:50
359,G,1970/1/10 1:25
359,D,1970/1/10 1:32
359,F,1970/1/10 1:37
363,A,1970/1/9 4:48
363,B,1970/1/9 4:55
363,G,1970/1/9 5:18
363,D,1970/1/9 5:23
363,H,1970/1/9 5:30
363,G,1970/1/9 5:36
363,D,1970/1/9 5:46
363,F,1970/1/9 5:55
364,A,1970/1/9 17:08
364,B,1970/1/9 17:15
364,G,1970/1/9 17:47
364,D,1970/1/9 17:56
364,F,1970/1/9 18:03
367,A,1970/1/10 5:23
367,B,1970/1/10 5:31
367,G,1970/1/10 6:07
367,D,1970/1/10 6:12
367,F,1970/1/10 6:21
37,A,1970/1/2 3:58
37,B,1970/1/2 4:08
37,G,1970/1/2 4:26
37,D,1970/1/2 4:35
37,F,1970/1/2 4:49
370,A,1970/1/10 8:33
370,B,1970/1/10 8:40
370,G,1970/1/10 9:04
370,D,1970/1/10 9:10
370,F,1970/1/10 9:20
373,A,1970/1/9 6:50
373,B,1970/1/9 7:00
373,G,1970/1/9 7:13
373,D,1970/1/9 7:23
373,H,1970/1/9 7:31
373,G,1970/1/9 7:37
373,D,1970/1/9 7:47
373,H,1970/1/9 7:54
373,G,1970/1/9 8:00
373,D,1970/1/9 8:07
373,F,1970/1/9 8:14
374,A,1970/1/10 5:53
374,B,1970/1/10 6:02
374,G,1970/1/10 6:49
374,D,1970/1/10 6:55
374,F,1970/1/10 7:03
376,A,1970/1/9 5:04
376,B,1970/1/9 5:09
376,G,1970/1/9 5:39
376,D,1970/1/9 5:49
376,F,1970/1/9 5:58
378,A,1970/1/10 9:04
378,B,1970/1/10 9:09
378,G,1970/1/10 9:23
378,D,1970/1/10 9:33
378,F,1970/1/10 9:46
380,A,1970/1/9 22:55
380,B,1970/1/9 23:02
380,G,1970/1/9 23:35
380,D,1970/1/9 23:43
380,F,1970/1/9 23:49
386,A,1970/1/9 9:54
386,B,1970/1/9 10:04
386,G,1970/1/9 10:33
386,D,1970/1/9 10:40
386,F,1970/1/9 10:50
388,A,1970/1/9 12:21
388,B,1970/1/9 12:28
388,G,1970/1/9 12:39
388,D,1970/1/9 12:45
388,H,1970/1/9 12:50
388,G,1970/1/9 12:57
388,D,1970/1/9 13:05
388,H,1970/1/9 13:15
388,G,1970/1/9 13:20
388,D,1970/1/9 13:25
388,F,1970/1/9 13:33
39,A,1970/1/2 9:05
39,B,1970/1/2 9:12
39,G,1970/1/2 9:19
39,D,1970/1/2 9:26
39,F,1970/1/2 9:34
390,A,1970/1/10 22:21
390,B,1970/1/10 22:31
390,G,1970/1/10 22:56
390,D,1970/1/10 23:01
390,H,1970/1/10 23:11
390,G,1970/1/10 23:19
390,D,1970/1/10 23:26
390,H,1970/1/10 23:32
390,G,1970/1/10 23:39
390,D,1970/1/10 23:45
390,F,1970/1/10 23:53
399,A,1970/1/9 16:29
399,B,1970/1/9 16:38
399,G,1970/1/9 17:24
399,D,1970/1/9 17:34
399,F,1970/1/9 17:44
4,A,1970/1/2 7:46
4,B,1970/1/2 7:53
4,G,1970/1/2 8:32
4,D,1970/1/2 8:42
4,F,1970/1/2 8:50
40,A,1970/1/2 15:02
40,B,1970/1/2 15:07
40,G,1970/1/2 15:39
40,D,1970/1/2 15:45
40,F,1970/1/2 15:51
400,A,1970/1/9 21:13
400,B,1970/1/9 21:19
400,G,1970/1/9 21:33
400,D,1970/1/9 21:38
400,H,1970/1/9 21:48
400,G,1970/1/9 21:53
400,D,1970/1/9 21:58
400,H,1970/1/9 22:08
400,G,1970/1/9 22:15
400,D,1970/1/9 22:23
400,F,1970/1/9 22:31
407,A,1970/1/10 23:39
407,B,1970/1/10 23:48
407,G,1970/1/11 0:19
407,D,1970/1/11 0:25
407,H,1970/1/11 0:35
407,G,1970/1/11 0:42
407,D,1970/1/11 0:50
407,H,1970/1/11 1:00
407,G,1970/1/11 1:05
407,D,1970/1/11 1:12
407,F,1970/1/11 1:20
41,A,1970/1/3 10:45
41,B,1970/1/3 10:53
41,G,1970/1/3 11:13
41,D,1970/1/3 11:22
41,F,1970/1/3 11:28
411,A,1970/1/10 10:08
411,B,1970/1/10 10:17
411,G,1970/1/10 10:34
411,D,1970/1/10 10:39
411,H,1970/1/10 10:45
411,G,1970/1/10 10:50
411,D,1970/1/10 10:59
411,H,1970/1/10 11:04
411,G,1970/1/10 11:17
411,D,1970/1/10 11:24
411,F,1970/1/10 11:29
413,A,1970/1/11 0:59
413,B,1970/1/11 1:09
413,G,1970/1/11 1:25
413,D,1970/1/11 1:35
413,H,1970/1/11 1:41
413,G,1970/1/11 1:47
413,D,1970/1/11 1:56
413,H,1970/1/11 2:01
413,G,1970/1/11 2:06
413,D,1970/1/11 2:14
413,F,1970/1/11 2:20
417,A,1970/1/11 10:47
417,B,1970/1/11 10:54
417,G,1970/1/11 11:19
417,D,1970/1/11 11:24
417,F,1970/1/11 11:36
419,A,1970/1/10 18:16
419,B,1970/1/10 18:23
419,G,1970/1/10 18:35
419,D,1970/1/10 18:42
419,H,1970/1/10 18:49
419,G,1970/1/10 19:01
419,D,1970/1/10 19:06
419,F,1970/1/10 19:11
42,A,1970/1/2 18:47
42,B,1970/1/2 18:54
42,G,1970/1/2 19:25
42,D,1970/1/2 19:35
42,H,1970/1/2 19:41
42,G,1970/1/2 19:49
42,D,1970/1/2 19:54
42,H,1970/1/2 20:01
42,G,1970/1/2 20:06
42,D,1970/1/2 20:13
42,F,1970/1/2 20:19
420,A,1970/1/10 2:40
420,B,1970/1/10 2:49
420,G,1970/1/10 2:55
420,D,1970/1/10 3:01
420,H,1970/1/10 3:11
420,G,1970/1/10 3:27
420,D,1970/1/10 3:37
420,F,1970/1/10 3:46
421,A,1970/1/11 13:48
421,B,1970/1/11 13:56
421,G,1970/1/11 14:35
421,D,1970/1/11 14:41
421,F,1970/1/11 14:49
422,A,1970/1/11 5:25
422,B,1970/1/11 5:32
422,G,1970/1/11 6:06
422,D,1970/1/11 6:12
422,F,1970/1/11 6:20
423,A,1970/1/10 9:50
423,B,1970/1/10 9:59
423,G,1970/1/10 10:24
423,D,1970/1/10 10:32
423,H,1970/1/10 10:41
423,G,1970/1/10 10:58
423,D,1970/1/10 11:08
423,F,1970/1/10 11:13
426,A,1970/1/10 10:21
426,B,1970/1/10 10:29
426,G,1970/1/10 10:56
426,D,1970/1/10 11:04
426,H,1970/1/10 11:13
426,G,1970/1/10 11:18
426,D,1970/1/10 11:28
426,H,1970/1/10 11:37
426,G,1970/1/10 11:57
426,D,1970/1/10 12:06
426,F,1970/1/10 12:12
427,A,1970/1/10 22:17
427,B,1970/1/10 22:27
427,G,1970/1/10 23:07
427,D,1970/1/10 23:15
427,F,1970/1/10 23:23
429,A,1970/1/11 10:52
429,B,1970/1/11 11:01
429,G,1970/1/11 11:34
429,D,1970/1/11 11:40
429,F,1970/1/11 11:49
43,A,1970/1/3 1:00
43,B,1970/1/3 1:07
43,G,1970/1/3 1:29
43,D,1970/1/3 1:36
43,H,1970/1/3 1:43
43,G,1970/1/3 1:49
43,D,1970/1/3 1:57
43,H,1970/1/3 2:06
43,G,1970/1/3 2:16
43,D,1970/1/3 2:22
43,F,1970/1/3 2:32
433,A,1970/1/11 17:06
433,B,1970/1/11 17:15
433,G,1970/1/11 17:45
433,D,1970/1/11 17:55
433,F,1970/1/11 18:00
436,A,1970/1/10 23:34
436,B,1970/1/10 23:39
436,G,1970/1/10 23:54
436,D,1970/1/11 0:01
436,F,1970/1/11 0:10
438,A,1970/1/10 18:40
438,B,1970/1/10 18:46
438,G,1970/1/10 19:20
438,D,1970/1/10 19:30
438,F,1970/1/10 19:40
439,A,1970/1/11 21:56
439,B,1970/1/11 22:06
439,G,1970/1/11 22:19
439,D,1970/1/11 22:28
439,F,1970/1/11 22:40
441,A,1970/1/11 7:07
441,B,1970/1/11 7:13
441,G,1970/1/11 7:40
441,D,1970/1/11 7:50
441,F,1970/1/11 7:55
448,A,1970/1/11 4:30
448,B,1970/1/11 4:37
448,G,1970/1/11 5:25
448,D,1970/1/11 5:33
448,F,1970/1/11 5:39
452,A,1970/1/12 5:46
452,B,1970/1/12 5:52
452,G,1970/1/12 6:25
452,D,1970/1/12 6:34
452,F,1970/1/12 6:44
453,A,1970/1/11 1:55
453,B,1970/1/11 2:01
453,G,1970/1/11 2:46
453,D,1970/1/11 2:53
453,F,1970/1/11 3:00
455,A,1970/1/11 3:27
455,B,1970/1/11 3:37
455,G,1970/1/11 4:15
455,D,1970/1/11 4:20
455,H,1970/1/11 4:29
455,G,1970/1/11 4:41
455,D,1970/1/11 4:47
455,H,1970/1/11 4:57
455,G,1970/1/11 5:02
455,D,1970/1/11 5:12
455,F,1970/1/11 5:18
459,A,1970/1/11 18:42
459,B,1970/1/11 18:49
459,G,1970/1/11 19:10
459,D,1970/1/11 19:18
459,H,1970/1/11 19:25
459,G,1970/1/11 19:40
459,D,1970/1/11 19:50
459,F,1970/1/11 19:59
461,A,1970/1/12 1:18
461,B,1970/1/12 1:23
461,G,1970/1/12 1:37
461,D,1970/1/12 1:44
461,H,1970/1/12 1:51
461,G,1970/1/12 1:56
461,D,1970/1/12 2:01
461,F,1970/1/12 2:11
462,A,1970/1/11 2:43
462,B,1970/1/11 2:53
462,G,1970/1/11 3:08
462,D,1970/1/11 3:16
462,H,1970/1/11 3:21
462,G,1970/1/11 3:27
462,D,1970/1/11 3:35
462,H,1970/1/11 3:42
462,G,1970/1/11 3:49
462,D,1970/1/11 3:56
462,F,1970/1/11 4:04
468,A,1970/1/12 11:44
468,B,1970/1/12 11:53
468,G,1970/1/12 12:07
468,D,1970/1/12 12:13
468,F,1970/1/12 12:34
469,A,1970/1/12 10:04
469,B,1970/1/12 10:13
469,G,1970/1/12 10:44
469,D,1970/1/12 10:54
469,F,1970/1/12 10:59
47,A,1970/1/3 11:26
47,B,1970/1/3 11:31
47,G,1970/1/3 12:04
47,D,1970/1/3 12:14
47,F,1970/1/3 12:21
470,A,1970/1/11 16:08
470,B,1970/1/11 16:14
470,G,1970/1/11 16:33
470,D,1970/1/11 16:38
470,H,1970/1/11 16:46
470,G,1970/1/11 16:52
470,D,1970/1/11 17:01
470,H,1970/1/11 17:08
470,G,1970/1/11 17:13
470,D,1970/1/11 17:23
470,F,1970/1/11 17:30
471,A,1970/1/11 11:16
471,B,1970/1/11 11:22
471,G,1970/1/11 11:46
471,D,1970/1/11 11:52
471,F,1970/1/11 12:01
473,A,1970/1/11 8:45
473,B,1970/1/11 8:51
473,G,1970/1/11 9:23
473,D,1970/1/11 9:31
473,F,1970/1/11 9:40
475,A,1970/1/11 18:35
475,B,1970/1/11 18:40
475,G,1970/1/11 19:09
475,D,1970/1/11 19:14
475,F,1970/1/11 19:24
476,A,1970/1/11 11:25
476,B,1970/1/11 11:34
476,G,1970/1/11 11:44
476,D,1970/1/11 11:50
476,H,1970/1/11 11:59
476,G,1970/1/11 12:06
476,D,1970/1/11 12:16
476,H,1970/1/11 12:23
476,G,1970/1/11 12:41
476,D,1970/1/11 12:47
476,F,1970/1/11 12:53
478,A,1970/1/11 11:08
478,B,1970/1/11 11:16
478,G,1970/1/11 11:47
478,D,1970/1/11 11:55
478,H,1970/1/11 12:04
478,G,1970/1/11 12:23
478,D,1970/1/11 12:29
478,F,1970/1/11 12:39
479,A,1970/1/11 10:38
479,B,1970/1/11 10:46
479,G,1970/1/11 11:01
479,D,1970/1/11 11:09
479,H,1970/1/11 11:14
479,G,1970/1/11 11:20
479,D,1970/1/11 11:25
479,H,1970/1/11 11:30
479,G,1970/1/11 11:37
479,D,1970/1/11 11:46
479,F,1970/1/11 11:54
48,A,1970/1/3 5:22
48,B,1970/1/3 5:32
48,G,1970/1/3 6:05
48,D,1970/1/3 6:11
48,H,1970/1/3 6:19
48,G,1970/1/3 6:24
48,D,1970/1/3 6:34
48,H,1970/1/3 6:39
48,G,1970/1/3 6:50
48,D,1970/1/3 6:58
48,F,1970/1/3 7:08
481,A,1970/1/12 15:52
481,B,1970/1/12 16:01
481,G,1970/1/12 16:31
481,D,1970/1/12 16:40
481,F,1970/1/12 16:47
488,A,1970/1/12 14:22
488,B,1970/1/12 14:30
488,G,1970/1/12 15:06
488,D,1970/1/12 15:14
488,F,1970/1/12 15:23
49,A,1970/1/2 9:08
49,B,1970/1/2 9:14
49,G,1970/1/2 9:41
49,D,1970/1/2 9:46
49,H,1970/1/2 9:51
49,G,1970/1/2 9:58
49,D,1970/1/2 10:07
49,H,1970/1/2 10:13
49,G,1970/1/2 10:20
49,D,1970/1/2 10:30
49,F,1970/1/2 10:35
490,A,1970/1/12 3:26
490,B,1970/1/12 3:35
490,G,1970/1/12 4:09
490,D,1970/1/12 4:17
490,H,1970/1/12 4:24
490,G,1970/1/12 4:34
490,D,1970/1/12 4:39
490,F,1970/1/12 4:45
492,A,1970/1/12 13:47
492,B,1970/1/12 13:55
492,G,1970/1/12 14:13
492,D,1970/1/12 14:21
492,H,1970/1/12 14:29
492,G,1970/1/12 14:36
492,D,1970/1/12 14:46
492,H,1970/1/12 14:52
492,G,1970/1/12 14:58
492,D,1970/1/12 15:06
492,F,1970/1/12 15:16
495,A,1970/1/11 12:45
495,B,1970/1/11 12:55
495,G,1970/1/11 13:09
495,D,1970/1/11 13:17
495,F,1970/1/11 13:26
496,A,1970/1/11 13:16
496,B,1970/1/11 13:23
496,G,1970/1/11 13:41
496,D,1970/1/11 13:48
496,H,1970/1/11 13:56
496,G,1970/1/11 14:06
496,D,1970/1/11 14:16
496,F,1970/1/11 14:23
503,A,1970/1/12 9:56
503,B,1970/1/12 10:06
503,G,1970/1/12 10:45
503,D,1970/1/12 10:51
503,F,1970/1/12 10:59
504,A,1970/1/12 9:43
504,B,1970/1/12 9:53
504,G,1970/1/12 10:32
504,D,1970/1/12 10:38
504,F,1970/1/12 10:45
507,A,1970/1/13 6:48
507,B,1970/1/13 6:58
507,G,1970/1/13 7:27
507,D,1970/1/13 7:34
507,H,1970/1/13 7:43
507,G,1970/1/13 7:50
507,D,1970/1/13 7:59
507,H,1970/1/13 8:04
507,G,1970/1/13 8:13
507,D,1970/1/13 8:20
507,F,1970/1/13 8:26
508,A,1970/1/13 0:42
508,B,1970/1/13 0:52
508,G,1970/1/13 1:11
508,D,1970/1/13 1:19
508,F,1970/1/13 1:29
51,A,1970/1/3 12:39
51,B,1970/1/3 12:46
51,G,1970/1/3 13:32
51,D,1970/1/3 13:41
51,F,1970/1/3 13:51
513,A,1970/1/12 17:29
513,B,1970/1/12 17:38
513,G,1970/1/12 18:21
513,D,1970/1/12 18:31
513,F,1970/1/12 18:40
514,A,1970/1/13 0:12
514,B,1970/1/13 0:18
514,G,1970/1/13 0:39
514,D,1970/1/13 0:47
514,F,1970/1/13 0:56
515,A,1970/1/13 0:50
515,B,1970/1/13 0:59
515,G,1970/1/13 1:39
515,D,1970/1/13 1:45
515,F,1970/1/13 1:53
517,A,1970/1/12 1:45
517,B,1970/1/12 1:52
517,G,1970/1/12 2:07
517,D,1970/1/12 2:13
517,H,1970/1/12 2:20
517,G,1970/1/12 2:25
517,D,1970/1/12 2:33
517,F,1970/1/12 2:42
518,A,1970/1/12 13:25
518,B,1970/1/12 13:31
518,G,1970/1/12 13:42
518,D,1970/1/12 13:47
518,F,1970/1/12 14:18
52,A,1970/1/3 3:08
52,B,1970/1/3 3:15
52,G,1970/1/3 3:43
52,D,1970/1/3 3:51
52,F,1970/1/3 4:00
520,A,1970/1/12 1:10
520,B,1970/1/12 1:20
520,G,1970/1/12 1:49
520,D,1970/1/12 1:59
520,F,1970/1/12 2:08
521,A,1970/1/12 13:44
521,B,1970/1/12 13:54
521,G,1970/1/12 14:13
521,D,1970/1/12 14:19
521,F,1970/1/12 14:26
522,A,1970/1/12 19:50
522,B,1970/1/12 20:00
522,G,1970/1/12 20:22
522,D,1970/1/12 20:27
522,F,1970/1/12 20:36
524,A,1970/1/13 5:04
524,B,1970/1/13 5:10
524,G,1970/1/13 5:45
524,D,1970/1/13 5:54
524,H,1970/1/13 6:00
524,G,1970/1/13 6:13
524,D,1970/1/13 6:23
524,F,1970/1/13 6:33
525,A,1970/1/12 9:58
525,B,1970/1/12 10:06
525,G,1970/1/12 10:23
525,D,1970/1/12 10:32
525,H,1970/1/12 10:40
525,G,1970/1/12 10:47
525,D,1970/1/12 10:52
525,H,1970/1/12 11:02
525,G,1970/1/12 11:09
525,D,1970/1/12 11:15
525,F,1970/1/12 11:21
530,A,1970/1/12 9:47
530,B,1970/1/12 9:57
530,G,1970/1/12 10:15
530,D,1970/1/12 10:25
530,F,1970/1/12 10:40
531,A,1970/1/13 11:59
531,B,1970/1/13 12:09
531,G,1970/1/13 12:22
531,D,1970/1/13 12:28
531,H,1970/1/13 12:34
531,G,1970/1/13 12:43
531,D,1970/1/13 12:49
531,F,1970/1/13 12:58
532,A,1970/1/13 4:57
532,B,1970/1/13 5:07
532,G,1970/1/13 5:30
532,D,1970/1/13 5:36
532,F,1970/1/13 5:44
534,A,1970/1/13 17:10
534,B,1970/1/13 17:20
534,G,1970/1/13 17:34
534,D,1970/1/13 17:42
534,H,1970/1/13 17:52
534,G,1970/1/13 18:09
534,D,1970/1/13 18:17
534,F,1970/1/13 18:24
541,A,1970/1/13 14:22
541,B,1970/1/13 14:30
541,G,1970/1/13 15:08
541,D,1970/1/13 15:14
541,H,1970/1/13 15:23
541,G,1970/1/13 15:37
541,D,1970/1/13 15:42
541,F,1970/1/13 15:48
543,A,1970/1/12 17:32
543,B,1970/1/12 17:38
543,G,1970/1/12 17:47
543,D,1970/1/12 17:53
543,H,1970/1/12 17:59
543,G,1970/1/12 18:11
543,D,1970/1/12 18:18
543,F,1970/1/12 18:27
544,A,1970/1/12 9:53
544,B,1970/1/12 10:02
544,G,1970/1/12 10:17
544,D,1970/1/12 10:26
544,H,1970/1/12 10:31
544,G,1970/1/12 10:36
544,D,1970/1/12 10:41
544,H,1970/1/12 10:50
544,G,1970/1/12 11:02
544,D,1970/1/12 11:10
544,F,1970/1/12 11:19
545,A,1970/1/12 17:24
545,B,1970/1/12 17:31
545,G,1970/1/12 17:51
545,D,1970/1/12 17:58
545,F,1970/1/12 18:07
549,A,1970/1/14 0:10
549,B,1970/1/14 0:18
549,G,1970/1/14 0:35
549,D,1970/1/14 0:40
549,H,1970/1/14 0:46
549,G,1970/1/14 1:00
549,D,1970/1/14 1:08
549,F,1970/1/14 1:13
55,A,1970/1/3 13:24
55,B,1970/1/3 13:31
55,G,1970/1/3 14:08
55,D,1970/1/3 14:17
55,H,1970/1/3 14:27
55,G,1970/1/3 14:45
55,D,1970/1/3 14:51
55,F,1970/1/3 15:01
550,A,1970/1/13 16:22
550,B,1970/1/13 16:31
550,G,1970/1/13 16:50
550,D,1970/1/13 16:55
550,F,1970/1/13 17:20
557,A,1970/1/13 17:40
557,B,1970/1/13 17:49
557,G,1970/1/13 17:57
557,D,1970/1/13 18:07
557,H,1970/1/13 18:15
557,G,1970/1/13 18:35
557,D,1970/1/13 18:41
557,F,1970/1/13 18:49
558,A,1970/1/14 2:04
558,B,1970/1/14 2:13
558,G,1970/1/14 2:55
558,D,1970/1/14 3:04
558,F,1970/1/14 3:09
56,A,1970/1/3 12:08
56,B,1970/1/3 12:16
56,G,1970/1/3 12:35
56,D,1970/1/3 12:43
56,F,1970/1/3 12:52
571,A,1970/1/13 7:23
571,B,1970/1/13 7:30
571,G,1970/1/13 7:52
571,D,1970/1/13 7:59
571,F,1970/1/13 8:16
573,A,1970/1/13 7:34
573,B,1970/1/13 7:41
573,G,1970/1/13 8:08
573,D,1970/1/13 8:14
573,H,1970/1/13 8:19
573,G,1970/1/13 8:30
573,D,1970/1/13 8:39
573,F,1970/1/13 8:47
579,A,1970/1/13 14:41
579,B,1970/1/13 14:46
579,G,1970/1/13 15:04
579,D,1970/1/13 15:11
579,F,1970/1/13 15:18
584,A,1970/1/14 0:53
584,B,1970/1/14 0:58
584,G,1970/1/14 1:36
584,D,1970/1/14 1:43
584,F,1970/1/14 1:53
585,A,1970/1/14 19:26
585,B,1970/1/14 19:31
585,G,1970/1/14 19:50
585,D,1970/1/14 19:56
585,F,1970/1/14 20:05
587,A,1970/1/14 15:22
587,B,1970/1/14 15:27
587,G,1970/1/14 15:41
587,D,1970/1/14 15:48
587,H,1970/1/14 15:57
587,G,1970/1/14 16:03
587,D,1970/1/14 16:12
587,H,1970/1/14 16:22
587,G,1970/1/14 16:29
587,D,1970/1/14 16:34
587,F,1970/1/14 16:43
590,A,1970/1/13 18:35
590,B,1970/1/13 18:42
590,G,1970/1/13 19:16
590,D,1970/1/13 19:22
590,H,1970/1/13 19:31
590,G,1970/1/13 19:36
590,D,1970/1/13 19:45
590,F,1970/1/13 19:51
591,A,1970/1/14 10:11
591,B,1970/1/14 10:17
591,G,1970/1/14 10:50
591,D,1970/1/14 10:58
591,F,1970/1/14 11:03
592,A,1970/1/14 10:24
592,B,1970/1/14 10:34
592,G,1970/1/14 11:02
592,D,1970/1/14 11:12
592,F,1970/1/14 11:19
597,A,1970/1/13 16:38
597,B,1970/1/13 16:45
597,G,1970/1/13 17:20
597,D,1970/1/13 17:26
597,F,1970/1/13 17:36
598,A,1970/1/13 16:10
598,B,1970/1/13 16:20
598,G,1970/1/13 16:47
598,D,1970/1/13 16:53
598,F,1970/1/13 17:00
599,A,1970/1/13 15:55
599,B,1970/1/13 16:03
599,G,1970/1/13 16:24
599,D,1970/1/13 16:33
599,F,1970/1/13 16:50
601,A,1970/1/14 23:45
601,B,1970/1/14 23:53
601,G,1970/1/15 0:03
601,D,1970/1/15 0:12
601,H,1970/1/15 0:18
601,G,1970/1/15 0:23
601,D,1970/1/15 0:29
601,H,1970/1/15 0:37
601,G,1970/1/15 0:51
601,D,1970/1/15 0:59
601,F,1970/1/15 1:07
602,A,1970/1/14 17:51
602,B,1970/1/14 18:00
602,G,1970/1/14 18:10
602,D,1970/1/14 18:16
602,H,1970/1/14 18:22
602,G,1970/1/14 18:36
602,D,1970/1/14 18:45
602,F,1970/1/14 18:52
603,A,1970/1/14 9:43
603,B,1970/1/14 9:48
603,G,1970/1/14 10:07
603,D,1970/1/14 10:17
603,H,1970/1/14 10:24
603,G,1970/1/14 10:29
603,D,1970/1/14 10:34
603,H,1970/1/14 10:43
603,G,1970/1/14 10:48
603,D,1970/1/14 10:58
603,F,1970/1/14 11:08
605,A,1970/1/13 21:20
605,B,1970/1/13 21:25
605,G,1970/1/13 21:32
605,D,1970/1/13 21:42
605,H,1970/1/13 21:48
605,G,1970/1/13 21:54
605,D,1970/1/13 22:01
605,F,1970/1/13 22:07
608,A,1970/1/14 0:25
608,B,1970/1/14 0:35
608,G,1970/1/14 1:01
608,D,1970/1/14 1:06
608,H,1970/1/14 1:16
608,G,1970/1/14 1:22
608,D,1970/1/14 1:31
608,H,1970/1/14 1:36
608,G,1970/1/14 1:42
608,D,1970/1/14 1:47
608,F,1970/1/14 1:55
609,A,1970/1/15 0:19
609,B,1970/1/15 0:26
609,G,1970/1/15 0:48
609,D,1970/1/15 0:56
609,H,1970/1/15 1:05
609,G,1970/1/15 1:25
609,D,1970/1/15 1:34
609,F,1970/1/15 1:43
61,A,1970/1/2 17:47
61,B,1970/1/2 17:53
61,G,1970/1/2 18:17
61,D,1970/1/2 18:27
61,H,1970/1/2 18:34
61,G,1970/1/2 18:45
61,D,1970/1/2 18:53
61,H,1970/1/2 19:00
61,G,1970/1/2 19:17
61,D,1970/1/2 19:24
61,F,1970/1/2 19:32
614,A,1970/1/14 6:41
614,B,1970/1/14 6:48
614,G,1970/1/14 7:03
614,D,1970/1/14 7:13
614,H,1970/1/14 7:19
614,G,1970/1/14 7:39
614,D,1970/1/14 7:49
614,F,1970/1/14 7:56
615,A,1970/1/14 0:02
615,B,1970/1/14 0:08
615,G,1970/1/14 0:47
615,D,1970/1/14 0:53
615,H,1970/1/14 1:01
615,G,1970/1/14 1:08
615,D,1970/1/14 1:16
615,H,1970/1/14 1:26
615,G,1970/1/14 1:34
615,D,1970/1/14 1:43
615,F,1970/1/14 1:52
617,A,1970/1/14 11:52
617,B,1970/1/14 12:01
617,G,1970/1/14 12:20
617,D,1970/1/14 12:30
617,F,1970/1/14 12:39
618,A,1970/1/15 2:55
618,B,1970/1/15 3:05
618,G,1970/1/15 3:50
618,D,1970/1/15 3:57
618,F,1970/1/15 4:06
62,A,1970/1/2 22:13
62,B,1970/1/2 22:20
62,G,1970/1/2 22:33
62,D,1970/1/2 22:42
62,H,1970/1/2 22:51
62,G,1970/1/2 22:58
62,D,1970/1/2 23:05
62,F,1970/1/2 23:11
620,A,1970/1/14 6:50
620,B,1970/1/14 6:57
620,G,1970/1/14 7:18
620,D,1970/1/14 7:26
620,H,1970/1/14 7:33
620,G,1970/1/14 7:46
620,D,1970/1/14 7:55
620,F,1970/1/14 8:02
621,A,1970/1/15 11:56
621,B,1970/1/15 12:06
621,G,1970/1/15 12:33
621,D,1970/1/15 12:43
621,H,1970/1/15 12:50
621,G,1970/1/15 12:55
621,D,1970/1/15 13:03
621,F,1970/1/15 13:13
622,A,1970/1/14 21:55
622,B,1970/1/14 22:02
622,G,1970/1/14 22:42
622,D,1970/1/14 22:51
622,F,1970/1/14 23:01
623,A,1970/1/14 3:32
623,B,1970/1/14 3:38
623,G,1970/1/14 4:23
623,D,1970/1/14 4:28
623,F,1970/1/14 4:35
624,A,1970/1/15 5:06
624,B,1970/1/15 5:13
624,G,1970/1/15 5:46
624,D,1970/1/15 5:51
624,F,1970/1/15 5:56
625,A,1970/1/14 4:58
625,B,1970/1/14 5:05
625,G,1970/1/14 5:49
625,D,1970/1/14 5:58
625,F,1970/1/14 6:07
626,A,1970/1/14 15:26
626,B,1970/1/14 15:36
626,G,1970/1/14 15:59
626,D,1970/1/14 16:08
626,F,1970/1/14 16:17
627,A,1970/1/15 2:08
627,B,1970/1/15 2:17
627,G,1970/1/15 2:44
627,D,1970/1/15 2:49
627,H,1970/1/15 2:55
627,G,1970/1/15 3:01
627,D,1970/1/15 3:07
627,H,1970/1/15 3:15
627,G,1970/1/15 3:35
627,D,1970/1/15 3:43
627,F,1970/1/15 3:53
628,A,1970/1/15 4:49
628,B,1970/1/15 4:54
628,G,1970/1/15 5:20
628,D,1970/1/15 5:29
628,H,1970/1/15 5:39
628,G,1970/1/15 5:46
628,D,1970/1/15 5:53
628,H,1970/1/15 6:03
628,G,1970/1/15 6:23
628,D,1970/1/15 6:29
628,F,1970/1/15 6:39
629,A,1970/1/15 7:33
629,B,1970/1/15 7:42
629,G,1970/1/15 8:17
629,D,1970/1/15 8:26
629,F,1970/1/15 8:33
630,A,1970/1/15 0:57
630,B,1970/1/15 1:02
630,G,1970/1/15 1:26
630,D,1970/1/15 1:35
630,H,1970/1/15 1:41
630,G,1970/1/15 2:00
630,D,1970/1/15 2:07
630,F,1970/1/15 2:12
631,A,1970/1/15 15:53
631,B,1970/1/15 16:02
631,G,1970/1/15 16:21
631,D,1970/1/15 16:29
631,H,1970/1/15 16:35
631,G,1970/1/15 16:46
631,D,1970/1/15 16:51
631,F,1970/1/15 16:58
633,A,1970/1/15 11:55
633,B,1970/1/15 12:02
633,G,1970/1/15 12:18
633,D,1970/1/15 12:27
633,F,1970/1/15 12:34
637,A,1970/1/14 12:45
637,B,1970/1/14 12:55
637,G,1970/1/14 13:39
637,D,1970/1/14 13:47
637,F,1970/1/14 13:52
641,A,1970/1/15 14:07
641,B,1970/1/15 14:12
641,G,1970/1/15 14:25
641,D,1970/1/15 14:30
641,H,1970/1/15 14:38
641,G,1970/1/15 14:55
641,D,1970/1/15 15:04
641,F,1970/1/15 15:10
642,A,1970/1/14 19:27
642,B,1970/1/14 19:37
642,G,1970/1/14 20:13
642,D,1970/1/14 20:20
642,F,1970/1/14 20:26
644,A,1970/1/14 15:21
644,B,1970/1/14 15:26
644,G,1970/1/14 15:54
644,D,1970/1/14 16:04
644,F,1970/1/14 16:09
645,A,1970/1/16 2:39
645,B,1970/1/16 2:48
645,G,1970/1/16 3:24
645,D,1970/1/16 3:33
645,F,1970/1/16 3:42
649,A,1970/1/15 10:38
649,B,1970/1/15 10:48
649,G,1970/1/15 11:20
649,D,1970/1/15 11:25
649,F,1970/1/15 11:32
653,A,1970/1/14 20:00
653,B,1970/1/14 20:05
653,G,1970/1/14 20:23
653,D,1970/1/14 20:33
653,F,1970/1/14 20:53
658,A,1970/1/15 4:11
658,B,1970/1/15 4:20
658,G,1970/1/15 4:31
658,D,1970/1/15 4:38
658,H,1970/1/15 4:44
658,G,1970/1/15 4:58
658,D,1970/1/15 5:05
658,F,1970/1/15 5:10
660,A,1970/1/15 12:48
660,B,1970/1/15 12:54
660,G,1970/1/15 13:29
660,D,1970/1/15 13:38
660,F,1970/1/15 13:46
661,A,1970/1/16 0:13
661,B,1970/1/16 0:20
661,G,1970/1/16 0:59
661,D,1970/1/16 1:08
661,F,1970/1/16 1:17
667,A,1970/1/15 16:38
667,B,1970/1/15 16:46
667,G,1970/1/15 17:02
667,D,1970/1/15 17:12
667,F,1970/1/15 17:27
668,A,1970/1/15 13:52
668,B,1970/1/15 14:02
668,G,1970/1/15 14:40
668,D,1970/1/15 14:47
668,F,1970/1/15 14:56
669,A,1970/1/15 8:43
669,B,1970/1/15 8:51
669,G,1970/1/15 9:25
669,D,1970/1/15 9:35
669,H,1970/1/15 9:41
669,G,1970/1/15 9:47
669,D,1970/1/15 9:56
669,H,1970/1/15 10:04
669,G,1970/1/15 10:23
669,D,1970/1/15 10:28
669,F,1970/1/15 10:33
67,A,1970/1/3 7:52
67,B,1970/1/3 8:02
67,G,1970/1/3 8:28
67,D,1970/1/3 8:33
67,F,1970/1/3 8:42
671,A,1970/1/15 3:59
671,B,1970/1/15 4:08
671,G,1970/1/15 4:28
671,D,1970/1/15 4:34
671,F,1970/1/15 4:42
678,A,1970/1/16 10:26
678,B,1970/1/16 10:32
678,G,1970/1/16 10:56
678,D,1970/1/16 11:02
678,H,1970/1/16 11:11
678,G,1970/1/16 11:18
678,D,1970/1/16 11:27
678,H,1970/1/16 11:35
678,G,1970/1/16 11:41
678,D,1970/1/16 11:47
678,F,1970/1/16 11:55
680,A,1970/1/16 13:33
680,B,1970/1/16 13:39
680,G,1970/1/16 14:02
680,D,1970/1/16 14:08
680,F,1970/1/16 14:16
683,A,1970/1/16 2:25
683,B,1970/1/16 2:32
683,G,1970/1/16 2:58
683,D,1970/1/16 3:07
683,H,1970/1/16 3:16
683,G,1970/1/16 3:21
683,D,1970/1/16 3:28
683,H,1970/1/16 3:37
683,G,1970/1/16 3:47
683,D,1970/1/16 3:54
683,F,1970/1/16 3:59
687,A,1970/1/16 0:34
687,B,1970/1/16 0:43
687,G,1970/1/16 0:59
687,D,1970/1/16 1:07
687,F,1970/1/16 1:13
688,A,1970/1/15 13:44
688,B,1970/1/15 13:49
688,G,1970/1/15 14:30
688,D,1970/1/15 14:40
688,F,1970/1/15 14:50
694,A,1970/1/16 22:36
694,B,1970/1/16 22:41
694,G,1970/1/16 23:23
694,D,1970/1/16 23:30
694,F,1970/1/16 23:39
696,A,1970/1/16 12:59
696,B,1970/1/16 13:08
696,G,1970/1/16 13:19
696,D,1970/1/16 13:29
696,H,1970/1/16 13:37
696,G,1970/1/16 13:42
696,D,1970/1/16 13:51
696,H,1970/1/16 14:01
696,G,1970/1/16 14:15
696,D,1970/1/16 14:21
696,F,1970/1/16 14:26
70,A,1970/1/2 22:05
70,B,1970/1/2 22:10
70,G,1970/1/2 22:37
70,D,1970/1/2 22:45
70,F,1970/1/2 22:55
704,A,1970/1/15 20:57
704,B,1970/1/15 21:05
704,G,1970/1/15 21:22
704,D,1970/1/15 21:30
704,H,1970/1/15 21:39
704,G,1970/1/15 21:44
704,D,1970/1/15 21:50
704,F,1970/1/15 21:59
706,A,1970/1/17 6:01
706,B,1970/1/17 6:10
706,G,1970/1/17 6:33
706,D,1970/1/17 6:41
706,F,1970/1/17 6:48
707,A,1970/1/17 1:30
707,B,1970/1/17 1:36
707,G,1970/1/17 2:14
707,D,1970/1/17 2:20
707,F,1970/1/17 2:26
708,A,1970/1/17 5:29
708,B,1970/1/17 5:39
708,G,1970/1/17 6:21
708,D,1970/1/17 6:26
708,F,1970/1/17 6:34
711,A,1970/1/16 23:14
711,B,1970/1/16 23:24
711,G,1970/1/16 23:47
711,D,1970/1/16 23:53
711,H,1970/1/17 0:03
711,G,1970/1/17 0:17
711,D,1970/1/17 0:26
711,H,1970/1/17 0:32
711,G,1970/1/17 0:42
711,D,1970/1/17 0:51
711,F,1970/1/17 0:57
715,A,1970/1/17 3:50
715,B,1970/1/17 3:59
715,G,1970/1/17 4:28
715,D,1970/1/17 4:37
715,F,1970/1/17 4:46
717,A,1970/1/16 1:02
717,B,1970/1/16 1:08
717,G,1970/1/16 1:48
717,D,1970/1/16 1:55
717,F,1970/1/16 2:02
724,A,1970/1/16 11:48
724,B,1970/1/16 11:55
724,G,1970/1/16 12:21
724,D,1970/1/16 12:30
724,F,1970/1/16 12:35
725,A,1970/1/17 13:34
725,B,1970/1/17 13:44
725,G,1970/1/17 14:21
725,D,1970/1/17 14:31
725,F,1970/1/17 14:41
728,A,1970/1/16 19:43
728,B,1970/1/16 19:51
728,G,1970/1/16 20:29
728,D,1970/1/16 20:39
728,F,1970/1/16 20:47
734,A,1970/1/17 18:00
734,B,1970/1/17 18:10
734,G,1970/1/17 18:35
734,D,1970/1/17 18:41
734,F,1970/1/17 18:50
735,A,1970/1/16 23:32
735,B,1970/1/16 23:39
735,G,1970/1/16 23:58
735,D,1970/1/17 0:05
735,F,1970/1/17 0:12
737,A,1970/1/17 9:29
737,B,1970/1/17 9:35
737,G,1970/1/17 9:44
737,D,1970/1/17 9:54
737,H,1970/1/17 10:00
737,G,1970/1/17 10:16
737,D,1970/1/17 10:22
737,F,1970/1/17 10:29
739,A,1970/1/16 13:08
739,B,1970/1/16 13:13
739,G,1970/1/16 13:39
739,D,1970/1/16 13:49
739,H,1970/1/16 13:54
739,G,1970/1/16 14:01
739,D,1970/1/16 14:06
739,F,1970/1/16 14:13
740,A,1970/1/16 10:10
740,B,1970/1/16 10:18
740,G,1970/1/16 10:36
740,D,1970/1/16 10:43
740,H,1970/1/16 10:48
740,G,1970/1/16 11:07
740,D,1970/1/16 11:17
740,F,1970/1/16 11:23
742,A,1970/1/16 16:02
742,B,1970/1/16 16:09
742,G,1970/1/16 16:41
742,D,1970/1/16 16:49
742,H,1970/1/16 16:57
742,G,1970/1/16 17:04
742,D,1970/1/16 17:12
742,F,1970/1/16 17:18
744,A,1970/1/17 2:12
744,B,1970/1/17 2:22
744,G,1970/1/17 2:28
744,D,1970/1/17 2:33
744,H,1970/1/17 2:43
744,G,1970/1/17 2:54
744,D,1970/1/17 3:04
744,F,1970/1/17 3:09
746,A,1970/1/17 10:38
746,B,1970/1/17 10:48
746,G,1970/1/17 11:19
746,D,1970/1/17 11:24
746,F,1970/1/17 11:31
749,A,1970/1/17 1:22
749,B,1970/1/17 1:29
749,G,1970/1/17 1:57
749,D,1970/1/17 2:06
749,F,1970/1/17 2:16
75,A,1970/1/3 16:04
75,B,1970/1/3 16:13
75,G,1970/1/3 16:37
75,D,1970/1/3 16:43
75,H,1970/1/3 16:53
75,G,1970/1/3 17:02
75,D,1970/1/3 17:10
75,H,1970/1/3 17:20
75,G,1970/1/3 17:37
75,D,1970/1/3 17:45
75,F,1970/1/3 17:54
758,A,1970/1/18 0:17
758,B,1970/1/18 0:25
758,G,1970/1/18 0:43
758,D,1970/1/18 0:50
758,H,1970/1/18 1:00
758,G,1970/1/18 1:12
758,D,1970/1/18 1:21
758,F,1970/1/18 1:30
761,A,1970/1/18 3:28
761,B,1970/1/18 3:35
761,G,1970/1/18 4:19
761,D,1970/1/18 4:29
761,F,1970/1/18 4:37
762,A,1970/1/17 21:45
762,B,1970/1/17 21:52
762,G,1970/1/17 22:24
762,D,1970/1/17 22:32
762,F,1970/1/17 22:37
764,A,1970/1/18 7:50
764,B,1970/1/18 7:58
764,G,1970/1/18 8:08
764,D,1970/1/18 8:14
764,H,1970/1/18 8:19
764,G,1970/1/18 8:24
764,D,1970/1/18 8:34
764,H,1970/1/18 8:40
764,G,1970/1/18 8:55
764,D,1970/1/18 9:02
764,F,1970/1/18 9:11
765,A,1970/1/17 12:16
765,B,1970/1/17 12:22
765,G,1970/1/17 12:53
765,D,1970/1/17 13:03
765,F,1970/1/17 13:12
766,A,1970/1/18 8:45
766,B,1970/1/18 8:51
766,G,1970/1/18 9:22
766,D,1970/1/18 9:27
766,F,1970/1/18 9:35
767,A,1970/1/17 8:25
767,B,1970/1/17 8:35
767,G,1970/1/17 8:45
767,D,1970/1/17 8:50
767,H,1970/1/17 8:58
767,G,1970/1/17 9:08
767,D,1970/1/17 9:18
767,F,1970/1/17 9:28
768,A,1970/1/18 0:04
768,B,1970/1/18 0:11
768,G,1970/1/18 0:56
768,D,1970/1/18 1:05
768,F,1970/1/18 1:13
770,A,1970/1/18 12:18
770,B,1970/1/18 12:23
770,G,1970/1/18 12:35
770,D,1970/1/18 12:45
770,F,1970/1/18 12:50
772,A,1970/1/17 22:08
772,B,1970/1/17 22:16
772,G,1970/1/17 22:23
772,D,1970/1/17 22:32
772,H,1970/1/17 22:38
772,G,1970/1/17 22:43
772,D,1970/1/17 22:50
772,H,1970/1/17 22:59
772,G,1970/1/17 23:10
772,D,1970/1/17 23:16
772,F,1970/1/17 23:24
773,A,1970/1/18 9:30
773,B,1970/1/18 9:38
773,G,1970/1/18 10:05
773,D,1970/1/18 10:15
773,H,1970/1/18 10:24
773,G,1970/1/18 10:31
773,D,1970/1/18 10:41
773,H,1970/1/18 10:47
773,G,1970/1/18 10:55
773,D,1970/1/18 11:01
773,F,1970/1/18 11:08
774,A,1970/1/17 14:08
774,B,1970/1/17 14:13
774,G,1970/1/17 14:38
774,D,1970/1/17 14:47
774,H,1970/1/17 14:52
774,G,1970/1/17 14:58
774,D,1970/1/17 15:05
774,H,1970/1/17 15:13
774,G,1970/1/17 15:28
774,D,1970/1/17 15:35
774,F,1970/1/17 15:45
778,A,1970/1/17 7:42
778,B,1970/1/17 7:49
778,G,1970/1/17 8:13
778,D,1970/1/17 8:18
778,F,1970/1/17 8:31
780,A,1970/1/17 7:28
780,B,1970/1/17 7:34
780,G,1970/1/17 7:51
780,D,1970/1/17 8:01
780,H,1970/1/17 8:08
780,G,1970/1/17 8:22
780,D,1970/1/17 8:29
780,F,1970/1/17 8:39
782,A,1970/1/17 13:24
782,B,1970/1/17 13:29
782,G,1970/1/17 13:35
782,D,1970/1/17 13:40
782,H,1970/1/17 13:48
782,G,1970/1/17 14:08
782,D,1970/1/17 14:18
782,F,1970/1/17 14:28
783,A,1970/1/18 18:29
783,B,1970/1/18 18:39
783,G,1970/1/18 19:21
783,D,1970/1/18 19:27
783,F,1970/1/18 19:32
785,A,1970/1/18 2:14
785,B,1970/1/18 2:22
785,G,1970/1/18 2:49
785,D,1970/1/18 2:56
785,F,1970/1/18 3:02
786,A,1970/1/18 6:20
786,B,1970/1/18 6:30
786,G,1970/1/18 6:55
786,D,1970/1/18 7:00
786,F,1970/1/18 7:05
788,A,1970/1/18 22:42
788,B,1970/1/18 22:51
788,G,1970/1/18 23:06
788,D,1970/1/18 23:12
788,F,1970/1/18 23:18
789,A,1970/1/17 18:34
789,B,1970/1/17 18:40
789,G,1970/1/17 19:11
789,D,1970/1/17 19:18
789,F,1970/1/17 19:27
79,A,1970/1/4 4:12
79,B,1970/1/4 4:19
79,G,1970/1/4 4:53
79,D,1970/1/4 5:00
79,F,1970/1/4 5:10
791,A,1970/1/17 19:44
791,B,1970/1/17 19:52
791,G,1970/1/17 20:09
791,D,1970/1/17 20:19
791,F,1970/1/17 20:28
795,A,1970/1/18 14:43
795,B,1970/1/18 14:51
795,G,1970/1/18 15:07
795,D,1970/1/18 15:12
795,H,1970/1/18 15:22
795,G,1970/1/18 15:29
795,D,1970/1/18 15:37
795,H,1970/1/18 15:47
795,G,1970/1/18 15:59
795,D,1970/1/18 16:09
795,F,1970/1/18 16:18
798,A,1970/1/17 23:42
798,B,1970/1/17 23:47
798,G,1970/1/18 0:22
798,D,1970/1/18 0:27
798,F,1970/1/18 0:34
799,A,1970/1/17 23:50
799,B,1970/1/17 23:55
799,G,1970/1/18 0:03
799,D,1970/1/18 0:08
799,H,1970/1/18 0:13
799,G,1970/1/18 0:20
799,D,1970/1/18 0:27
799,H,1970/1/18 0:33
799,G,1970/1/18 0:46
799,D,1970/1/18 0:56
799,F,1970/1/18 1:06
8,A,1970/1/3 0:02
8,B,1970/1/3 0:08
8,G,1970/1/3 0:23
8,D,1970/1/3 0:28
8,H,1970/1/3 0:33
8,G,1970/1/3 0:44
8,D,1970/1/3 0:52
8,F,1970/1/3 1:00
80,A,1970/1/3 19:27
80,B,1970/1/3 19:36
80,G,1970/1/3 19:55
80,D,1970/1/3 20:03
80,H,1970/1/3 20:09
80,G,1970/1/3 20:23
80,D,1970/1/3 20:28
80,H,1970/1/3 20:35
80,G,1970/1/3 20:46
80,D,1970/1/3 20:52
80,F,1970/1/3 20:57
806,A,1970/1/18 22:56
806,B,1970/1/18 23:02
806,G,1970/1/18 23:13
806,D,1970/1/18 23:22
806,F,1970/1/18 23:32
807,A,1970/1/18 4:36
807,B,1970/1/18 4:41
807,G,1970/1/18 5:14
807,D,1970/1/18 5:19
807,H,1970/1/18 5:24
807,G,1970/1/18 5:31
807,D,1970/1/18 5:37
807,H,1970/1/18 5:45
807,G,1970/1/18 6:00
807,D,1970/1/18 6:07
807,F,1970/1/18 6:16
808,A,1970/1/18 10:36
808,B,1970/1/18 10:44
808,G,1970/1/18 11:00
808,D,1970/1/18 11:06
808,H,1970/1/18 11:16
808,G,1970/1/18 11:30
808,D,1970/1/18 11:39
808,F,1970/1/18 11:49
809,A,1970/1/18 5:53
809,B,1970/1/18 6:01
809,G,1970/1/18 6:27
809,D,1970/1/18 6:32
809,H,1970/1/18 6:42
809,G,1970/1/18 6:53
809,D,1970/1/18 7:00
809,F,1970/1/18 7:10
813,A,1970/1/19 7:02
813,B,1970/1/19 7:11
813,G,1970/1/19 7:29
813,D,1970/1/19 7:34
813,H,1970/1/19 7:43
813,G,1970/1/19 7:56
813,D,1970/1/19 8:01
813,F,1970/1/19 8:09
816,A,1970/1/18 17:06
816,B,1970/1/18 17:13
816,G,1970/1/18 17:37
816,D,1970/1/18 17:47
816,H,1970/1/18 17:55
816,G,1970/1/18 18:11
816,D,1970/1/18 18:19
816,F,1970/1/18 18:25
821,A,1970/1/18 19:58
821,B,1970/1/18 20:03
821,G,1970/1/18 20:28
821,D,1970/1/18 20:37
821,F,1970/1/18 20:46
825,A,1970/1/19 18:19
825,B,1970/1/19 18:29
825,G,1970/1/19 19:03
825,D,1970/1/19 19:10
825,H,1970/1/19 19:17
825,G,1970/1/19 19:29
825,D,1970/1/19 19:34
825,H,1970/1/19 19:43
825,G,1970/1/19 19:56
825,D,1970/1/19 20:04
825,F,1970/1/19 20:09
827,A,1970/1/19 0:17
827,B,1970/1/19 0:24
827,G,1970/1/19 0:44
827,D,1970/1/19 0:54
827,H,1970/1/19 1:00
827,G,1970/1/19 1:06
827,D,1970/1/19 1:11
827,H,1970/1/19 1:19
827,G,1970/1/19 1:33
827,D,1970/1/19 1:43
827,F,1970/1/19 1:50
833,A,1970/1/19 11:33
833,B,1970/1/19 11:40
833,G,1970/1/19 12:00
833,D,1970/1/19 12:06
833,H,1970/1/19 12:13
833,G,1970/1/19 12:30
833,D,1970/1/19 12:35
833,F,1970/1/19 12:43
835,A,1970/1/19 10:49
835,B,1970/1/19 10:58
835,G,1970/1/19 11:27
835,D,1970/1/19 11:33
835,F,1970/1/19 11:42
836,A,1970/1/19 22:25
836,B,1970/1/19 22:32
836,G,1970/1/19 22:55
836,D,1970/1/19 23:04
836,H,1970/1/19 23:09
836,G,1970/1/19 23:26
836,D,1970/1/19 23:34
836,F,1970/1/19 23:39
839,A,1970/1/18 14:27
839,B,1970/1/18 14:32
839,G,1970/1/18 14:59
839,D,1970/1/18 15:08
839,F,1970/1/18 15:17
84,A,1970/1/4 8:20
84,B,1970/1/4 8:28
84,G,1970/1/4 8:56
84,D,1970/1/4 9:01
84,H,1970/1/4 9:10
84,G,1970/1/4 9:17
84,D,1970/1/4 9:23
84,F,1970/1/4 9:29
843,A,1970/1/18 14:19
843,B,1970/1/18 14:25
843,G,1970/1/18 14:57
843,D,1970/1/18 15:05
843,H,1970/1/18 15:11
843,G,1970/1/18 15:16
843,D,1970/1/18 15:26
843,H,1970/1/18 15:31
843,G,1970/1/18 15:36
843,D,1970/1/18 15:43
843,F,1970/1/18 15:52
845,A,1970/1/20 1:15
845,B,1970/1/20 1:23
845,G,1970/1/20 1:50
845,D,1970/1/20 1:58
845,F,1970/1/20 2:05
856,A,1970/1/18 20:10
856,B,1970/1/18 20:18
856,G,1970/1/18 20:30
856,D,1970/1/18 20:40
856,H,1970/1/18 20:49
856,G,1970/1/18 20:58
856,D,1970/1/18 21:08
856,F,1970/1/18 21:13
859,A,1970/1/20 7:25
859,B,1970/1/20 7:35
859,G,1970/1/20 7:55
859,D,1970/1/20 8:01
859,F,1970/1/20 8:09
86,A,1970/1/3 15:56
86,B,1970/1/3 16:01
86,G,1970/1/3 16:09
86,D,1970/1/3 16:15
86,H,1970/1/3 16:22
86,G,1970/1/3 16:38
86,D,1970/1/3 16:45
86,F,1970/1/3 16:53
861,A,1970/1/19 23:50
861,B,1970/1/19 23:55
861,G,1970/1/20 0:30
861,D,1970/1/20 0:35
861,F,1970/1/20 0:41
862,A,1970/1/19 0:45
862,B,1970/1/19 0:55
862,G,1970/1/19 1:12
862,D,1970/1/19 1:20
862,H,1970/1/19 1:25
862,G,1970/1/19 1:37
862,D,1970/1/19 1:47
862,H,1970/1/19 1:53
862,G,1970/1/19 2:00
862,D,1970/1/19 2:09
862,F,1970/1/19 2:14
863,A,1970/1/19 3:16
863,B,1970/1/19 3:23
863,G,1970/1/19 3:39
863,D,1970/1/19 3:49
863,H,1970/1/19 3:54
863,G,1970/1/19 4:01
863,D,1970/1/19 4:10
863,H,1970/1/19 4:20
863,G,1970/1/19 4:25
863,D,1970/1/19 4:32
863,F,1970/1/19 4:41
865,A,1970/1/19 4:19
865,B,1970/1/19 4:29
865,G,1970/1/19 5:01
865,D,1970/1/19 5:10
865,F,1970/1/19 5:19
866,A,1970/1/19 19:04
866,B,1970/1/19 19:10
866,G,1970/1/19 19:40
866,D,1970/1/19 19:47
866,F,1970/1/19 19:56
868,A,1970/1/19 5:46
868,B,1970/1/19 5:55
868,G,1970/1/19 6:30
868,D,1970/1/19 6:39
868,F,1970/1/19 6:46
87,A,1970/1/4 8:08
87,B,1970/1/4 8:18
87,G,1970/1/4 8:50
87,D,1970/1/4 8:58
87,H,1970/1/4 9:06
87,G,1970/1/4 9:18
87,D,1970/1/4 9:26
87,F,1970/1/4 9:36
875,A,1970/1/19 20:15
875,B,1970/1/19 20:22
875,G,1970/1/19 21:00
875,D,1970/1/19 21:10
875,F,1970/1/19 21:20
878,A,1970/1/20 11:51
878,B,1970/1/20 12:00
878,G,1970/1/20 12:19
878,D,1970/1/20 12:27
878,F,1970/1/20 12:50
88,A,1970/1/4 0:37
88,B,1970/1/4 0:46
88,G,1970/1/4 1:09
88,D,1970/1/4 1:16
88,F,1970/1/4 1:34
881,A,1970/1/20 4:35
881,B,1970/1/20 4:40
881,G,1970/1/20 5:10
881,D,1970/1/20 5:16
881,H,1970/1/20 5:24
881,G,1970/1/20 5:39
881,D,1970/1/20 5:45
881,F,1970/1/20 5:53
883,A,1970/1/19 8:47
883,B,1970/1/19 8:56
883,G,1970/1/19 9:21
883,D,1970/1/19 9:31
883,F,1970/1/19 9:41
885,A,1970/1/19 18:44
885,B,1970/1/19 18:53
885,G,1970/1/19 19:29
885,D,1970/1/19 19:37
885,H,1970/1/19 19:42
885,G,1970/1/19 19:59
885,D,1970/1/19 20:04
885,F,1970/1/19 20:14
886,A,1970/1/19 14:04
886,B,1970/1/19 14:13
886,G,1970/1/19 14:36
886,D,1970/1/19 14:45
886,F,1970/1/19 14:52
888,A,1970/1/20 19:19
888,B,1970/1/20 19:26
888,G,1970/1/20 19:44
888,D,1970/1/20 19:49
888,H,1970/1/20 19:59
888,G,1970/1/20 20:09
888,D,1970/1/20 20:16
888,F,1970/1/20 20:22
889,A,1970/1/20 20:06
889,B,1970/1/20 20:12
889,G,1970/1/20 20:35
889,D,1970/1/20 20:41
889,H,1970/1/20 20:49
889,G,1970/1/20 20:59
889,D,1970/1/20 21:08
889,H,1970/1/20 21:17
889,G,1970/1/20 21:28
889,D,1970/1/20 21:34
889,F,1970/1/20 21:44
89,A,1970/1/4 16:26
89,B,1970/1/4 16:34
89,G,1970/1/4 17:02
89,D,1970/1/4 17:12
89,F,1970/1/4 17:20
893,A,1970/1/20 11:31
893,B,1970/1/20 11:38
893,G,1970/1/20 12:12
893,D,1970/1/20 12:18
893,H,1970/1/20 12:28
893,G,1970/1/20 12:33
893,D,1970/1/20 12:43
893,H,1970/1/20 12:49
893,G,1970/1/20 12:56
893,D,1970/1/20 13:04
893,F,1970/1/20 13:09
894,A,1970/1/19 14:55
894,B,1970/1/19 15:05
894,G,1970/1/19 15:25
894,D,1970/1/19 15:30
894,F,1970/1/19 15:38
895,A,1970/1/20 0:52
895,B,1970/1/20 1:00
895,G,1970/1/20 1:17
895,D,1970/1/20 1:24
895,H,1970/1/20 1:33
895,G,1970/1/20 1:38
895,D,1970/1/20 1:45
895,F,1970/1/20 1:50
898,A,1970/1/20 5:42
898,B,1970/1/20 5:50
898,G,1970/1/20 6:21
898,D,1970/1/20 6:27
898,H,1970/1/20 6:36
898,G,1970/1/20 6:51
898,D,1970/1/20 6:59
898,F,1970/1/20 7:06
9,A,1970/1/2 3:55
9,B,1970/1/2 4:02
9,G,1970/1/2 4:34
9,D,1970/1/2 4:41
9,F,1970/1/2 4:52
90,A,1970/1/4 7:40
90,B,1970/1/4 7:48
90,G,1970/1/4 8:09
90,D,1970/1/4 8:16
90,F,1970/1/4 8:25
901,A,1970/1/19 22:20
901,B,1970/1/19 22:29
901,G,1970/1/19 23:00
901,D,1970/1/19 23:06
901,F,1970/1/19 23:11
902,A,1970/1/21 4:19
902,B,1970/1/21 4:29
902,G,1970/1/21 5:04
902,D,1970/1/21 5:13
902,H,1970/1/21 5:21
902,G,1970/1/21 5:35
902,D,1970/1/21 5:40
902,F,1970/1/21 5:50
903,A,1970/1/21 3:27
903,B,1970/1/21 3:37
903,G,1970/1/21 4:04
903,D,1970/1/21 4:13
903,F,1970/1/21 4:18
905,A,1970/1/19 21:56
905,B,1970/1/19 22:05
905,G,1970/1/19 22:18
905,D,1970/1/19 22:23
905,H,1970/1/19 22:32
905,G,1970/1/19 22:39
905,D,1970/1/19 22:44
905,H,1970/1/19 22:50
905,G,1970/1/19 23:04
905,D,1970/1/19 23:11
905,F,1970/1/19 23:16
906,A,1970/1/20 19:52
906,B,1970/1/20 20:00
906,G,1970/1/20 20:21
906,D,1970/1/20 20:30
906,F,1970/1/20 20:39
910,A,1970/1/19 21:35
910,B,1970/1/19 21:45
910,G,1970/1/19 22:23
910,D,1970/1/19 22:29
910,F,1970/1/19 22:38
911,A,1970/1/20 0:34
911,B,1970/1/20 0:42
911,G,1970/1/20 0:54
911,D,1970/1/20 1:00
911,H,1970/1/20 1:09
911,G,1970/1/20 1:23
911,D,1970/1/20 1:33
911,F,1970/1/20 1:39
914,A,1970/1/20 18:47
914,B,1970/1/20 18:57
914,G,1970/1/20 19:07
914,D,1970/1/20 19:15
914,H,1970/1/20 19:25
914,G,1970/1/20 19:36
914,D,1970/1/20 19:44
914,F,1970/1/20 19:51
915,A,1970/1/21 10:11
915,B,1970/1/21 10:19
915,G,1970/1/21 10:55
915,D,1970/1/21 11:02
915,H,1970/1/21 11:12
915,G,1970/1/21 11:18
915,D,1970/1/21 11:28
915,H,1970/1/21 11:33
915,G,1970/1/21 11:45
915,D,1970/1/21 11:53
915,F,1970/1/21 12:00
917,A,1970/1/21 12:44
917,B,1970/1/21 12:52
917,G,1970/1/21 13:13
917,D,1970/1/21 13:20
917,H,1970/1/21 13:30
917,G,1970/1/21 13:43
917,D,1970/1/21 13:52
917,F,1970/1/21 14:01
921,A,1970/1/21 4:19
921,B,1970/1/21 4:26
921,G,1970/1/21 4:56
921,D,1970/1/21 5:05
921,H,1970/1/21 5:13
921,G,1970/1/21 5:21
921,D,1970/1/21 5:28
921,H,1970/1/21 5:36
921,G,1970/1/21 5:47
921,D,1970/1/21 5:55
921,F,1970/1/21 6:03
923,A,1970/1/21 10:47
923,B,1970/1/21 10:53
923,G,1970/1/21 11:26
923,D,1970/1/21 11:32
923,F,1970/1/21 11:42
924,A,1970/1/20 7:42
924,B,1970/1/20 7:47
924,G,1970/1/20 8:16
924,D,1970/1/20 8:25
924,F,1970/1/20 8:30
925,A,1970/1/20 9:41
925,B,1970/1/20 9:51
925,G,1970/1/20 10:23
925,D,1970/1/20 10:32
925,H,1970/1/20 10:38
925,G,1970/1/20 10:55
925,D,1970/1/20 11:00
925,F,1970/1/20 11:10
926,A,1970/1/20 18:08
926,B,1970/1/20 18:14
926,G,1970/1/20 18:45
926,D,1970/1/20 18:51
926,F,1970/1/20 19:00
927,A,1970/1/20 8:55
927,B,1970/1/20 9:03
927,G,1970/1/20 9:18
927,D,1970/1/20 9:27
927,F,1970/1/20 9:51
93,A,1970/1/4 2:07
93,B,1970/1/4 2:14
93,G,1970/1/4 2:55
93,D,1970/1/4 3:05
93,F,1970/1/4 3:10
931,A,1970/1/21 13:54
931,B,1970/1/21 14:01
931,G,1970/1/21 14:34
931,D,1970/1/21 14:40
931,F,1970/1/21 14:48
932,A,1970/1/20 13:42
932,B,1970/1/20 13:47
932,G,1970/1/20 14:21
932,D,1970/1/20 14:28
932,F,1970/1/20 14:38
936,A,1970/1/21 15:01
936,B,1970/1/21 15:10
936,G,1970/1/21 15:52
936,D,1970/1/21 15:58
936,F,1970/1/21 16:05
937,A,1970/1/21 10:23
937,B,1970/1/21 10:28
937,G,1970/1/21 10:52
937,D,1970/1/21 10:58
937,F,1970/1/21 11:03
939,A,1970/1/21 8:40
939,B,1970/1/21 8:50
939,G,1970/1/21 9:07
939,D,1970/1/21 9:15
939,F,1970/1/21 9:37
94,A,1970/1/4 15:45
94,B,1970/1/4 15:54
94,G,1970/1/4 16:32
94,D,1970/1/4 16:39
94,F,1970/1/4 16:48
941,A,1970/1/20 9:04
941,B,1970/1/20 9:13
941,G,1970/1/20 9:29
941,D,1970/1/20 9:39
941,F,1970/1/20 9:51
942,A,1970/1/21 5:52
942,B,1970/1/21 5:59
942,G,1970/1/21 6:14
942,D,1970/1/21 6:23
942,H,1970/1/21 6:31
942,G,1970/1/21 6:36
942,D,1970/1/21 6:44
942,H,1970/1/21 6:50
942,G,1970/1/21 7:01
942,D,1970/1/21 7:11
942,F,1970/1/21 7:17
946,A,1970/1/20 16:41
946,B,1970/1/20 16:49
946,G,1970/1/20 17:15
946,D,1970/1/20 17:25
946,H,1970/1/20 17:33
946,G,1970/1/20 17:44
946,D,1970/1/20 17:50
946,F,1970/1/20 18:00
948,A,1970/1/21 2:33
948,B,1970/1/21 2:43
948,G,1970/1/21 3:02
948,D,1970/1/21 3:10
948,H,1970/1/21 3:19
948,G,1970/1/21 3:30
948,D,1970/1/21 3:36
948,F,1970/1/21 3:45
95,A,1970/1/3 15:59
95,B,1970/1/3 16:08
95,G,1970/1/3 16:30
95,D,1970/1/3 16:36
95,F,1970/1/3 16:42
952,A,1970/1/22 3:56
952,B,1970/1/22 4:03
952,G,1970/1/22 4:43
952,D,1970/1/22 4:53
952,H,1970/1/22 5:02
952,G,1970/1/22 5:07
952,D,1970/1/22 5:12
952,F,1970/1/22 5:20
958,A,1970/1/20 23:44
958,B,1970/1/20 23:54
958,G,1970/1/21 0:12
958,D,1970/1/21 0:21
958,H,1970/1/21 0:29
958,G,1970/1/21 0:41
958,D,1970/1/21 0:49
958,F,1970/1/21 0:58
960,A,1970/1/22 12:29
960,B,1970/1/22 12:37
960,G,1970/1/22 13:25
960,D,1970/1/22 13:34
960,F,1970/1/22 13:39
961,A,1970/1/21 6:50
961,B,1970/1/21 6:58
961,G,1970/1/21 7:26
961,D,1970/1/21 7:31
961,F,1970/1/21 7:46
962,A,1970/1/22 2:15
962,B,1970/1/22 2:24
962,G,1970/1/22 2:46
962,D,1970/1/22 2:54
962,F,1970/1/22 2:59
966,A,1970/1/21 16:17
966,B,1970/1/21 16:22
966,G,1970/1/21 16:58
966,D,1970/1/21 17:06
966,F,1970/1/21 17:15
969,A,1970/1/21 19:01
969,B,1970/1/21 19:11
969,G,1970/1/21 19:23
969,D,1970/1/21 19:31
969,H,1970/1/21 19:40
969,G,1970/1/21 20:00
969,D,1970/1/21 20:05
969,F,1970/1/21 20:11
97,A,1970/1/4 18:46
97,B,1970/1/4 18:54
97,G,1970/1/4 19:28
97,D,1970/1/4 19:36
97,F,1970/1/4 19:41
970,A,1970/1/22 7:09
970,B,1970/1/22 7:17
970,G,1970/1/22 7:46
970,D,1970/1/22 7:55
970,F,1970/1/22 8:03
971,A,1970/1/21 16:01
971,B,1970/1/21 16:08
971,G,1970/1/21 16:36
971,D,1970/1/21 16:42
971,H,1970/1/21 16:52
971,G,1970/1/21 16:58
971,D,1970/1/21 17:04
971,H,1970/1/21 17:09
971,G,1970/1/21 17:19
971,D,1970/1/21 17:28
971,F,1970/1/21 17:38
974,A,1970/1/21 17:38
974,B,1970/1/21 17:44
974,G,1970/1/21 18:01
974,D,1970/1/21 18:10
974,H,1970/1/21 18:17
974,G,1970/1/21 18:30
974,D,1970/1/21 18:39
974,F,1970/1/21 18:48
977,A,1970/1/21 12:59
977,B,1970/1/21 13:09
977,G,1970/1/21 13:35
977,D,1970/1/21 13:42
977,F,1970/1/21 13:51
978,A,1970/1/21 17:20
978,B,1970/1/21 17:25
978,G,1970/1/21 18:00
978,D,1970/1/21 18:06
978,F,1970/1/21 18:16
98,A,1970/1/4 9:34
98,B,1970/1/4 9:44
98,G,1970/1/4 10:29
98,D,1970/1/4 10:39
98,F,1970/1/4 10:44
980,A,1970/1/21 16:08
980,B,1970/1/21 16:14
980,G,1970/1/21 16:21
980,D,1970/1/21 16:31
980,F,1970/1/21 16:57
982,A,1970/1/22 17:30
982,B,1970/1/22 17:38
982,G,1970/1/22 18:08
982,D,1970/1/22 18:15
982,H,1970/1/22 18:24
982,G,1970/1/22 18:30
982,D,1970/1/22 18:35
982,H,1970/1/22 18:43
982,G,1970/1/22 18:57
982,D,1970/1/22 19:07
982,F,1970/1/22 19:17
987,A,1970/1/21 15:52
987,B,1970/1/21 15:57
987,G,1970/1/21 16:31
987,D,1970/1/21 16:38
987,F,1970/1/21 16:44
989,A,1970/1/22 21:41
989,B,1970/1/22 21:46
989,G,1970/1/22 22:24
989,D,1970/1/22 22:33
989,F,1970/1/22 22:43
991,A,1970/1/23 2:53
991,B,1970/1/23 2:59
991,G,1970/1/23 3:18
991,D,1970/1/23 3:23
991,H,1970/1/23 3:30
991,G,1970/1/23 3:37
991,D,1970/1/23 3:46
991,H,1970/1/23 3:51
991,G,1970/1/23 3:57
991,D,1970/1/23 4:04
991,F,1970/1/23 4:13
994,A,1970/1/22 1:56
994,B,1970/1/22 2:03
994,G,1970/1/22 2:17
994,D,1970/1/22 2:27
994,H,1970/1/22 2:36
994,G,1970/1/22 2:49
994,D,1970/1/22 2:59
994,F,1970/1/22 3:06